{"properties": [
  {
    "name": "spring.servlet.multipart.enabled",
    "type": "java.lang.String",
    "description": "A description for 'spring.servlet.multipart.enabled'"
  },
  {
    "name": "spring.servlet.multipart.file-size-threshold",
    "type": "java.lang.String",
    "description": "A description for 'spring.servlet.multipart.file-size-threshold'"
  },
  {
    "name": "spring.servlet.multipart.max-file-size",
    "type": "java.lang.String",
    "description": "A description for 'spring.servlet.multipart.max-file-size'"
  },
  {
    "name": "spring.servlet.multipart.max-request-size",
    "type": "java.lang.String",
    "description": "A description for 'spring.servlet.multipart.max-request-size'"
  },
  {
    "name": "file.upload-dir",
    "type": "java.lang.String",
    "description": "A description for 'file.upload-dir'"
  }
]}